{
  "ReRoutes": [
    {
      "UseServiceDiscovery": true,
      "ServiceName": "AdminServices",
      "LoadBalancerOptions": {
        "Type": "LeastConnection"
      },
      "DownstreamPathTemplate": "/api/AdminLogin/AdminLogin",
      "DownstreamScheme": "http",
      "UpstreamPathTemplate": "/api/AdminLogin/AdminLogin",
      "UpstreamHttpMethod": [ "Post" ]
    },

    {
      "UseServiceDiscovery": true,
      "ServiceName": "AdminServices",
      "LoadBalancerOptions": {
        "Type": "LeastConnection"
      },
      "DownstreamPathTemplate": "/api/AddBlock/AllFlightDetails",
      "DownstreamScheme": "http",

      "UpstreamPathTemplate": "/api/AddBlock/AllFlightDetails",
      "UpstreamHttpMethod": [ "Get" ]
    },

    {
      "UseServiceDiscovery": true,
      "ServiceName": "AdminServices",
      "LoadBalancerOptions": {
        "Type": "LeastConnection"
      },
      "DownstreamPathTemplate": "/api/AddBlock/AddFlight",
      "DownstreamScheme": "http",
      "UpstreamPathTemplate": "/api/AddBlock/AddFlight",
      "UpstreamHttpMethod": [ "Post" ]
    },

    {
      "UseServiceDiscovery": true,
      "ServiceName": "AdminServices",
      "LoadBalancerOptions": {
        "Type": "LeastConnection"
      },
      "DownstreamPathTemplate": "/api/AddBlock/BlockFlight",
      "DownstreamScheme": "http",
      "UpstreamPathTemplate": "/api/AddBlock/BlockFlight",
      "UpstreamHttpMethod": [ "Delete" ]
    },

    {
      "UseServiceDiscovery": true,
      "ServiceName": "AdminServices",
      "LoadBalancerOptions": {
        "Type": "LeastConnection"
      },
      "DownstreamPathTemplate": "/api/Schedule/ScheduleFlight",
      "DownstreamScheme": "http",
      "UpstreamPathTemplate": "/api/Schedule/ScheduleFlight",
      "UpstreamHttpMethod": [ "Post" ]
    },


    {
      "UseServiceDiscovery": true,
      "ServiceName": "AdminServices",
      "LoadBalancerOptions": {
        "Type": "LeastConnection"
      },
      "DownstreamPathTemplate": "/api/Coupons/AddCoupon",
      "DownstreamScheme": "http",
      "UpstreamPathTemplate": "/api/Coupons/AddCoupon",
      "UpstreamHttpMethod": [ "Post" ]
    },




    {
      "UseServiceDiscovery": true,
      "ServiceName": "UserServices",
      "LoadBalancerOptions": {
        "Type": "LeastConnection"
      },
      "DownstreamPathTemplate": "/api/UserLogin/UserLogin",
      "DownstreamScheme": "http",
      "UpstreamPathTemplate": "/api/UserLogin/UserLogin",
      "UpstreamHttpMethod": [ "Post" ]
    },

    {
      "UseServiceDiscovery": true,
      "ServiceName": "UserServices",
      "LoadBalancerOptions": {
        "Type": "LeastConnection"
      },
      "DownstreamPathTemplate": "/api/Registration/RegisterUser",
      "DownstreamScheme": "http",
      "UpstreamPathTemplate": "/api/Registration/RegisterUser",
      "UpstreamHttpMethod": [ "Post" ]
    },



    {
      "UseServiceDiscovery": true,
      "ServiceName": "BookingServices",
      "LoadBalancerOptions": {
        "Type": "LeastConnection"
      },
      "DownstreamPathTemplate": "/api/Booking/GetAllFlights",
      "DownstreamScheme": "http",
      "UpstreamPathTemplate": "/api/Booking/GetAllFlights",
      "UpstreamHttpMethod": [ "Get" ]
    },

    {
      "UseServiceDiscovery": true,
      "ServiceName": "BookingServices",
      "LoadBalancerOptions": {
        "Type": "LeastConnection"
      },
      "DownstreamPathTemplate": "/api/Booking/GetFlightsBySearch",
      "DownstreamScheme": "http",
      "UpstreamPathTemplate": "/api/Booking/GetFlightsBySearch",
      "UpstreamHttpMethod": [ "Post" ]
    },

    {
      "UseServiceDiscovery": true,
      "ServiceName": "BookingServices",
      "LoadBalancerOptions": {
        "Type": "LeastConnection"
      },
      "DownstreamPathTemplate": "/api/Booking/FlightTicketBooking",
      "DownstreamScheme": "http",
      "UpstreamPathTemplate": "/api/Booking/FlightTicketBooking",
      "UpstreamHttpMethod": [ "Post" ]
    },

    {
      "UseServiceDiscovery": true,
      "ServiceName": "BookingServices",
      "LoadBalancerOptions": {
        "Type": "LeastConnection"
      },
      "DownstreamPathTemplate": "/api/Booking/CancelTicket",
      "DownstreamScheme": "http",
      "UpstreamPathTemplate": "/api/Booking/CancelTicket",
      "UpstreamHttpMethod": [ "Put" ]
    },

    {
      "UseServiceDiscovery": true,
      "ServiceName": "BookingServices",
      "LoadBalancerOptions": {
        "Type": "LeastConnection"
      },
      "DownstreamPathTemplate": "/api/Booking/SearchTicket",
      "DownstreamScheme": "http",
      "UpstreamPathTemplate": "/api/Booking/SearchTicket",
      "UpstreamHttpMethod": [ "Get" ]
    },

    {
      "UseServiceDiscovery": true,
      "ServiceName": "BookingServices",
      "LoadBalancerOptions": {
        "Type": "LeastConnection"
      },
      "DownstreamPathTemplate": "/api/Booking/AllCouponDetails",
      "DownstreamScheme": "http",
      "UpstreamPathTemplate": "/api/Booking/AllCouponDetails",
      "UpstreamHttpMethod": [ "Get" ]
    }
  ],

  "GlobalConfiguration": {
    "ServiceDiscoveryProvider": {
      "Host": "localhost",
      "Port": 8500,
      "Type": "Consul"
    }
  }

}